LISTA DE PRODUTOS POR MARCA;
;
Produto;Subcategoria
Marca:;Adventure Works
"Produto # 116 - Adventure Works 20"" CRT TV E15 Silver";Subcategoria # 9 - Televisions
"Produto # 117 - Adventure Works 20"" CRT TV E15 Black";Subcategoria # 9 - Televisions
"Produto # 118 - Adventure Works 20"" CRT TV E15 White";Subcategoria # 9 - Televisions
"Produto # 119 - Adventure Works 13"" Color TV E25 Silver";Subcategoria # 9 - Televisions
"Produto # 120 - Adventure Works 13"" Color TV E25 Black";Subcategoria # 9 - Televisions
"Produto # 121 - Adventure Works 13"" Color TV E25 White";Subcategoria # 9 - Televisions
"Produto # 122 - Adventure Works 19"" Portable LCD HDTV M110 Silver";Subcategoria # 9 - Televisions
"Produto # 123 - Adventure Works 19"" Portable LCD HDTV M110 Black";Subcategoria # 9 - Televisions
"Produto # 124 - Adventure Works 19"" Portable LCD HDTV M110 White";Subcategoria # 9 - Televisions
"Produto # 125 - Adventure Works 19"" Color Digital TV E35 Silver";Subcategoria # 9 - Televisions
"Produto # 126 - Adventure Works 19"" Color Digital TV E35 Black";Subcategoria # 9 - Televisions
"Produto # 127 - Adventure Works 19"" Color Digital TV E35 White";Subcategoria # 9 - Televisions
"Produto # 128 - Adventure Works 19"" Color Digital TV E35 Brown";Subcategoria # 9 - Televisions
"Produto # 129 - Adventure Works 20"" Analog CRT TV E45 Silver";Subcategoria # 9 - Televisions
"Produto # 130 - Adventure Works 20"" Analog CRT TV E45 Black";Subcategoria # 9 - Televisions
"Produto # 131 - Adventure Works 20"" Analog CRT TV E45 White";Subcategoria # 9 - Televisions
"Produto # 132 - Adventure Works 20"" Analog CRT TV E45 Brown";Subcategoria # 9 - Televisions
"Produto # 133 - Adventure Works 20"" LCD HDTV M120 Silver";Subcategoria # 9 - Televisions
"Produto # 134 - Adventure Works 20"" LCD HDTV M120 Black";Subcategoria # 9 - Televisions
"Produto # 135 - Adventure Works 20"" LCD HDTV M120 White";Subcategoria # 9 - Televisions
"Produto # 136 - Adventure Works 20"" LCD HDTV M120 Brown";Subcategoria # 9 - Televisions
"Produto # 137 - Adventure Works 32"" LCD HDTV M130 Silver";Subcategoria # 9 - Televisions
"Produto # 138 - Adventure Works 32"" LCD HDTV M130 Black";Subcategoria # 9 - Televisions
"Produto # 139 - Adventure Works 32"" LCD HDTV M130 White";Subcategoria # 9 - Televisions
"Produto # 140 - Adventure Works 32"" LCD HDTV M130 Brown";Subcategoria # 9 - Televisions
"Produto # 141 - Adventure Works 15.6"" LCD TV M130W Silver";Subcategoria # 9 - Televisions
"Produto # 142 - Adventure Works 15.6"" LCD TV M130W Black";Subcategoria # 9 - Televisions
"Produto # 143 - Adventure Works 15.6"" LCD TV M130W White";Subcategoria # 9 - Televisions
"Produto # 144 - Adventure Works 15.6"" LCD TV M130W Brown";Subcategoria # 9 - Televisions
"Produto # 149 - Adventure Works 40"" LCD HDTV M690 Silver";Subcategoria # 9 - Televisions
"Produto # 150 - Adventure Works 40"" LCD HDTV M690 Black";Subcategoria # 9 - Televisions
"Produto # 151 - Adventure Works 40"" LCD HDTV M690 White";Subcategoria # 9 - Televisions
"Produto # 152 - Adventure Works 40"" LCD HDTV M690 Brown";Subcategoria # 9 - Televisions
"Produto # 153 - Adventure Works 26"" 720p LCD HDTV M140 Silver";Subcategoria # 9 - Televisions
"Produto # 154 - Adventure Works 26"" 720p LCD HDTV M140 Black";Subcategoria # 9 - Televisions
"Produto # 155 - Adventure Works 26"" 720p LCD HDTV M140 White";Subcategoria # 9 - Televisions
"Produto # 156 - Adventure Works 26"" 720p LCD HDTV M140 Brown";Subcategoria # 9 - Televisions
"Produto # 157 - Adventure Works 37"" 1080p LCD HDTV M150W Silver";Subcategoria # 9 - Televisions
"Produto # 158 - Adventure Works 37"" 1080p LCD HDTV M150W Black";Subcategoria # 9 - Televisions
"Produto # 159 - Adventure Works 37"" 1080p LCD HDTV M150W White";Subcategoria # 9 - Televisions
"Produto # 160 - Adventure Works 37"" 1080p LCD HDTV M150W Brown";Subcategoria # 9 - Televisions
"Produto # 161 - Adventure Works 52"" LCD HDTV X790W Silver";Subcategoria # 9 - Televisions
"Produto # 162 - Adventure Works 52"" LCD HDTV X790W Black";Subcategoria # 9 - Televisions
"Produto # 163 - Adventure Works 52"" LCD HDTV X790W White";Subcategoria # 9 - Televisions
"Produto # 164 - Adventure Works 52"" LCD HDTV X790W Brown";Subcategoria # 9 - Televisions
"Produto # 165 - Adventure Works 42"" LCD HDTV M55 Black";Subcategoria # 9 - Televisions
Produto # 362 - Adventure Works Laptop19 X1900 Black;Subcategoria # 15 - Laptops
Produto # 363 - Adventure Works Laptop15 M1500 Black;Subcategoria # 15 - Laptops
Produto # 364 - Adventure Works Laptop12 M1200 Black;Subcategoria # 15 - Laptops
Produto # 365 - Adventure Works Laptop16 M1600 Black;Subcategoria # 15 - Laptops
Produto # 366 - Adventure Works Laptop15.4W M1548 Black;Subcategoria # 15 - Laptops
Produto # 367 - Adventure Works Laptop8.9 E0890 Black;Subcategoria # 15 - Laptops
Produto # 368 - Adventure Works Laptop19W X1980 White;Subcategoria # 15 - Laptops
Produto # 369 - Adventure Works Laptop15 M1501 White;Subcategoria # 15 - Laptops
Produto # 370 - Adventure Works Laptop12 M1201 White;Subcategoria # 15 - Laptops
Produto # 371 - Adventure Works Laptop16 M1601 White;Subcategoria # 15 - Laptops
Produto # 372 - Adventure Works Laptop15.4W M1548 White;Subcategoria # 15 - Laptops
Produto # 373 - Adventure Works Laptop8.9 E0890 White;Subcategoria # 15 - Laptops
Produto # 374 - Adventure Works Laptop19W X1980 Silver;Subcategoria # 15 - Laptops
Produto # 375 - Adventure Works Laptop15 M1501 Silver;Subcategoria # 15 - Laptops
Produto # 376 - Adventure Works Laptop12 M1201 Silver;Subcategoria # 15 - Laptops
Produto # 377 - Adventure Works Laptop16 M1601 Silver;Subcategoria # 15 - Laptops
Produto # 378 - Adventure Works Laptop15.4W M1548 Silver;Subcategoria # 15 - Laptops
Produto # 379 - Adventure Works Laptop8.9 E0890 Silver;Subcategoria # 15 - Laptops
Produto # 380 - Adventure Works Laptop19W X1980 Red;Subcategoria # 15 - Laptops
Produto # 381 - Adventure Works Laptop15 M1501 Red;Subcategoria # 15 - Laptops
Produto # 382 - Adventure Works Laptop12 M1201 Red;Subcategoria # 15 - Laptops
Produto # 383 - Adventure Works Laptop16 M1601 Red;Subcategoria # 15 - Laptops
Produto # 384 - Adventure Works Laptop15.4W M1548 Red;Subcategoria # 15 - Laptops
Produto # 385 - Adventure Works Laptop8.9 E0890 Red;Subcategoria # 15 - Laptops
Produto # 386 - Adventure Works Laptop19W X1980 Blue;Subcategoria # 15 - Laptops
Produto # 387 - Adventure Works Laptop15 M1501 Blue;Subcategoria # 15 - Laptops
Produto # 388 - Adventure Works Laptop12 M1201 Blue;Subcategoria # 15 - Laptops
Produto # 389 - Adventure Works Laptop16 M1601 Blue;Subcategoria # 15 - Laptops
Produto # 416 - Adventure Works Desktop PC2.33 XD233 Silver;Subcategoria # 17 - Desktops
Produto # 417 - Adventure Works Desktop PC2.30 MD230 Silver;Subcategoria # 17 - Desktops
Produto # 418 - Adventure Works Desktop PC1.60 ED160 Silver;Subcategoria # 17 - Desktops
Produto # 419 - Adventure Works Desktop PC1.80 ED180 Silver;Subcategoria # 17 - Desktops
Produto # 420 - Adventure Works Desktop PC1.80 ED182 Silver;Subcategoria # 17 - Desktops
Produto # 421 - Adventure Works Desktop PC3.0 MS300 Silver;Subcategoria # 17 - Desktops
Produto # 422 - Adventure Works Desktop PC2.33 XD233 Black;Subcategoria # 17 - Desktops
Produto # 423 - Adventure Works Desktop PC2.30 MD230 Black;Subcategoria # 17 - Desktops
Produto # 424 - Adventure Works Desktop PC1.60 ED160 Black;Subcategoria # 17 - Desktops
Produto # 425 - Adventure Works Desktop PC1.80 ED180 Black;Subcategoria # 17 - Desktops
Produto # 426 - Adventure Works Desktop PC1.80 ED182 Black;Subcategoria # 17 - Desktops
Produto # 427 - Adventure Works Desktop PC3.0 MS300 Black;Subcategoria # 17 - Desktops
Produto # 428 - Adventure Works Desktop PC2.33 XD233 Brown;Subcategoria # 17 - Desktops
Produto # 429 - Adventure Works Desktop PC2.30 MD230 Brown;Subcategoria # 17 - Desktops
Produto # 430 - Adventure Works Desktop PC1.60 ED160 Brown;Subcategoria # 17 - Desktops
Produto # 431 - Adventure Works Desktop PC1.80 ED180 Brown;Subcategoria # 17 - Desktops
Produto # 432 - Adventure Works Desktop PC1.80 ED182 Brown;Subcategoria # 17 - Desktops
Produto # 433 - Adventure Works Desktop PC2.33 XD233 White;Subcategoria # 17 - Desktops
Produto # 434 - Adventure Works Desktop PC2.30 MD230 White;Subcategoria # 17 - Desktops
Produto # 435 - Adventure Works Desktop PC1.60 ED160 White;Subcategoria # 17 - Desktops
Produto # 436 - Adventure Works Desktop PC1.80 ED180 White;Subcategoria # 17 - Desktops
Produto # 437 - Adventure Works Desktop PC1.80 ED182 White;Subcategoria # 17 - Desktops
Produto # 490 - Adventure Works LCD24W X300 Black;Subcategoria # 18 - Monitors
Produto # 491 - Adventure Works LCD22 M200 Black;Subcategoria # 18 - Monitors
Produto # 492 - Adventure Works LCD22W M200 Black;Subcategoria # 18 - Monitors
Produto # 493 - Adventure Works LCD20 M210 Black;Subcategoria # 18 - Monitors
Produto # 494 - Adventure Works LCD20W M240 Black;Subcategoria # 18 - Monitors
Produto # 495 - Adventure Works LCD19 E108 Black;Subcategoria # 18 - Monitors
Produto # 496 - Adventure Works LCD19W M100 Black;Subcategoria # 18 - Monitors
Produto # 497 - Adventure Works LCD17 E200 Black;Subcategoria # 18 - Monitors
Produto # 498 - Adventure Works LCD17W E203 Black;Subcategoria # 18 - Monitors
Produto # 499 - Adventure Works LCD15 E100 Black;Subcategoria # 18 - Monitors
Produto # 500 - Adventure Works CRT19 E10 Black;Subcategoria # 18 - Monitors
Produto # 501 - Adventure Works CRT17 E105 Black;Subcategoria # 18 - Monitors
Produto # 502 - Adventure Works CRT15 E101 Black;Subcategoria # 18 - Monitors
Produto # 504 - Adventure Works LCD24W X300 White;Subcategoria # 18 - Monitors
Produto # 505 - Adventure Works LCD22 M200 White;Subcategoria # 18 - Monitors
Produto # 506 - Adventure Works LCD22W M200 White;Subcategoria # 18 - Monitors
Produto # 507 - Adventure Works LCD20 M210 White;Subcategoria # 18 - Monitors
Produto # 508 - Adventure Works LCD20W M240 White;Subcategoria # 18 - Monitors
Produto # 509 - Adventure Works LCD19 E108 White;Subcategoria # 18 - Monitors
Produto # 510 - Adventure Works LCD19W M100 White;Subcategoria # 18 - Monitors
Produto # 511 - Adventure Works LCD17 E200 White;Subcategoria # 18 - Monitors
Produto # 512 - Adventure Works LCD17W E203 White;Subcategoria # 18 - Monitors
Produto # 513 - Adventure Works LCD15 E100 White;Subcategoria # 18 - Monitors
Produto # 514 - Adventure Works CRT19 E10 White;Subcategoria # 18 - Monitors
Produto # 515 - Adventure Works CRT17 E105 White;Subcategoria # 18 - Monitors
Produto # 516 - Adventure Works CRT15 E101 White;Subcategoria # 18 - Monitors
;
;
Marca:;Contoso
;
Produto # 1 - Contoso 512MB MP3 Player E51 Silver;Subcategoria # 1 - MP4&MP3
Produto # 2 - Contoso 512MB MP3 Player E51 Blue;Subcategoria # 1 - MP4&MP3
Produto # 3 - Contoso 1G MP3 Player E100 White;Subcategoria # 1 - MP4&MP3
Produto # 4 - Contoso 2G MP3 Player E200 Silver;Subcategoria # 1 - MP4&MP3
Produto # 5 - Contoso 2G MP3 Player E200 Red;Subcategoria # 1 - MP4&MP3
Produto # 6 - Contoso 2G MP3 Player E200 Black;Subcategoria # 1 - MP4&MP3
Produto # 7 - Contoso 2G MP3 Player E200 Blue;Subcategoria # 1 - MP4&MP3
Produto # 8 - Contoso 4G MP3 Player E400 Silver;Subcategoria # 1 - MP4&MP3
Produto # 9 - Contoso 4G MP3 Player E400 Black;Subcategoria # 1 - MP4&MP3
Produto # 10 - Contoso 4G MP3 Player E400 Green;Subcategoria # 1 - MP4&MP3
Produto # 11 - Contoso 4G MP3 Player E400 Orange;Subcategoria # 1 - MP4&MP3
Produto # 12 - Contoso 4GB Flash MP3 Player E401 Blue;Subcategoria # 1 - MP4&MP3
Produto # 13 - Contoso 4GB Flash MP3 Player E401 Black;Subcategoria # 1 - MP4&MP3
Produto # 14 - Contoso 4GB Flash MP3 Player E401 Silver;Subcategoria # 1 - MP4&MP3
Produto # 15 - Contoso 4GB Flash MP3 Player E401 White;Subcategoria # 1 - MP4&MP3
Produto # 16 - Contoso 8GB Super-Slim MP3/Video Player M800 White;Subcategoria # 1 - MP4&MP3
Produto # 17 - Contoso 8GB Super-Slim MP3/Video Player M800 Red;Subcategoria # 1 - MP4&MP3
Produto # 18 - Contoso 8GB Super-Slim MP3/Video Player M800 Green;Subcategoria # 1 - MP4&MP3
Produto # 19 - Contoso 8GB Super-Slim MP3/Video Player M800 Pink;Subcategoria # 1 - MP4&MP3
Produto # 20 - Contoso 8GB MP3 Player new model M820 Black;Subcategoria # 1 - MP4&MP3
Produto # 21 - Contoso 8GB MP3 Player new model M820 Blue;Subcategoria # 1 - MP4&MP3
Produto # 22 - Contoso 8GB MP3 Player new model M820 Yellow;Subcategoria # 1 - MP4&MP3
Produto # 23 - Contoso 8GB MP3 Player new model M820 White;Subcategoria # 1 - MP4&MP3
Produto # 24 - Contoso 16GB Mp5 Player M1600 Blue;Subcategoria # 1 - MP4&MP3
Produto # 27 - Contoso 16GB Mp5 Player M1600 White;Subcategoria # 1 - MP4&MP3
Produto # 29 - Contoso 32GB Video MP3 Player M3200 White;Subcategoria # 1 - MP4&MP3
Produto # 30 - Contoso 32GB Video MP3 Player M3200 Red;Subcategoria # 1 - MP4&MP3
Produto # 31 - Contoso 32GB Video MP3 Player M3200 Orange;Subcategoria # 1 - MP4&MP3
Produto # 32 - Contoso 32GB Video MP3 Player M3200 Pink;Subcategoria # 1 - MP4&MP3
Produto # 33 - Contoso 32GB Video MP3 Player M3200 Black;Subcategoria # 1 - MP4&MP3
Produto # 34 - Contoso 4GB Portable MP3 Player M450 Black;Subcategoria # 1 - MP4&MP3
Produto # 35 - Contoso 4GB Portable MP3 Player M450 White;Subcategoria # 1 - MP4&MP3
Produto # 36 - Contoso 4GB Portable MP3 Player M450 Yellow;Subcategoria # 1 - MP4&MP3
Produto # 37 - Contoso 8GB Clock & Radio MP3 Player X850 Silver;Subcategoria # 1 - MP4&MP3
Produto # 38 - Contoso 8GB Clock & Radio MP3 Player X850 Black;Subcategoria # 1 - MP4&MP3
Produto # 39 - Contoso 8GB Clock & Radio MP3 Player X850 Green;Subcategoria # 1 - MP4&MP3
Produto # 40 - Contoso 8GB Clock & Radio MP3 Player X850 Blue;Subcategoria # 1 - MP4&MP3
Produto # 240 - Contoso Home Theater System 2.1 Channel E1200 Black;Subcategoria # 11 - Home Theater System
Produto # 241 - Contoso Home Theater System 2.1 Channel M1210 Black;Subcategoria # 11 - Home Theater System
Produto # 242 - Contoso Home Theater System 7.1 Channel M1700 Black;Subcategoria # 11 - Home Theater System
Produto # 243 - Contoso Home Theater System 4.1 Channel M1400 Black;Subcategoria # 11 - Home Theater System
Produto # 244 - Contoso Home Theater System 5.1 Channel M1500 Black;Subcategoria # 11 - Home Theater System
Produto # 245 - Contoso Home Theater System 5.1 Channel M1510 Black;Subcategoria # 11 - Home Theater System
Produto # 246 - Contoso Home Theater System 4.1 Channel M1410 Black;Subcategoria # 11 - Home Theater System
Produto # 247 - Contoso Home Theater System 5.1 Channel M1520 Black;Subcategoria # 11 - Home Theater System
Produto # 248 - Contoso Home Theater System 5.1 Channel M1530 Black;Subcategoria # 11 - Home Theater System
Produto # 249 - Contoso Home Theater System 2.1 Channel E1220 Black;Subcategoria # 11 - Home Theater System
Produto # 250 - Contoso Home Theater System 5.1 Channel M1540 Black;Subcategoria # 11 - Home Theater System
Produto # 251 - Contoso Home Theater System 4.1 Channel M1420 Black;Subcategoria # 11 - Home Theater System
Produto # 252 - Contoso Home Theater System 2.1 Channel M1230 Black;Subcategoria # 11 - Home Theater System
Produto # 253 - Contoso Home Theater System 2.1 Channel E1200 Silver;Subcategoria # 11 - Home Theater System
Produto # 254 - Contoso Home Theater System 2.1 Channel M1210 Silver;Subcategoria # 11 - Home Theater System
Produto # 255 - Contoso Home Theater System 7.1 Channel M1700 Silver;Subcategoria # 11 - Home Theater System
Produto # 256 - Contoso Home Theater System 4.1 Channel M1400 Silver;Subcategoria # 11 - Home Theater System
Produto # 257 - Contoso Home Theater System 5.1 Channel M1500 Silver;Subcategoria # 11 - Home Theater System
Produto # 258 - Contoso Home Theater System 5.1 Channel M1510 Silver;Subcategoria # 11 - Home Theater System
Produto # 259 - Contoso Home Theater System 4.1 Channel M1410 Silver;Subcategoria # 11 - Home Theater System
Produto # 260 - Contoso Home Theater System 5.1 Channel M1520 Silver;Subcategoria # 11 - Home Theater System
Produto # 261 - Contoso Home Theater System 5.1 Channel M1530 Silver;Subcategoria # 11 - Home Theater System
Produto # 262 - Contoso Home Theater System 2.1 Channel E1220 Silver;Subcategoria # 11 - Home Theater System
Produto # 263 - Contoso Home Theater System 5.1 Channel M1540 Silver;Subcategoria # 11 - Home Theater System
Produto # 264 - Contoso Home Theater System 4.1 Channel M1420 Silver;Subcategoria # 11 - Home Theater System
Produto # 265 - Contoso Home Theater System 2.1 Channel M1230 Silver;Subcategoria # 11 - Home Theater System
Produto # 266 - Contoso Home Theater System 2.1 Channel E1200 White;Subcategoria # 11 - Home Theater System
Produto # 267 - Contoso Home Theater System 2.1 Channel M1210 White;Subcategoria # 11 - Home Theater System
Produto # 268 - Contoso Home Theater System 7.1 Channel M1700 White;Subcategoria # 11 - Home Theater System
Produto # 269 - Contoso Home Theater System 4.1 Channel M1400 White;Subcategoria # 11 - Home Theater System
Produto # 270 - Contoso Home Theater System 5.1 Channel M1500 White;Subcategoria # 11 - Home Theater System
Produto # 271 - Contoso Home Theater System 5.1 Channel M1510 White;Subcategoria # 11 - Home Theater System
Produto # 272 - Contoso Home Theater System 4.1 Channel M1410 White;Subcategoria # 11 - Home Theater System
Produto # 273 - Contoso Home Theater System 5.1 Channel M1520 White;Subcategoria # 11 - Home Theater System
Produto # 274 - Contoso Home Theater System 5.1 Channel M1530 White;Subcategoria # 11 - Home Theater System
Produto # 275 - Contoso Home Theater System 2.1 Channel E1220 White;Subcategoria # 11 - Home Theater System
Produto # 276 - Contoso Home Theater System 5.1 Channel M1540 White;Subcategoria # 11 - Home Theater System
Produto # 277 - Contoso Home Theater System 4.1 Channel M1420 White;Subcategoria # 11 - Home Theater System
Produto # 278 - Contoso Home Theater System 2.1 Channel M1230 White;Subcategoria # 11 - Home Theater System
Produto # 279 - Contoso Home Theater System 2.1 Channel E1200 Brown;Subcategoria # 11 - Home Theater System
Produto # 280 - Contoso Home Theater System 2.1 Channel M1210 Brown;Subcategoria # 11 - Home Theater System
Produto # 281 - Contoso Home Theater System 7.1 Channel M1700 Brown;Subcategoria # 11 - Home Theater System
Produto # 282 - Contoso Home Theater System 4.1 Channel M1400 Brown;Subcategoria # 11 - Home Theater System
Produto # 283 - Contoso Home Theater System 5.1 Channel M1500 Brown;Subcategoria # 11 - Home Theater System
Produto # 284 - Contoso Home Theater System 5.1 Channel M1510 Brown;Subcategoria # 11 - Home Theater System
Produto # 285 - Contoso Home Theater System 4.1 Channel M1410 Brown;Subcategoria # 11 - Home Theater System
Produto # 286 - Contoso Home Theater System 5.1 Channel M1520 Brown;Subcategoria # 11 - Home Theater System
Produto # 287 - Contoso Home Theater System 5.1 Channel M1530 Brown;Subcategoria # 11 - Home Theater System
Produto # 288 - Contoso Home Theater System 2.1 Channel E1220 Brown;Subcategoria # 11 - Home Theater System
Produto # 289 - Contoso Home Theater System 5.1 Channel M1540 Brown;Subcategoria # 11 - Home Theater System
Produto # 290 - Contoso Home Theater System 4.1 Channel M1420 Brown;Subcategoria # 11 - Home Theater System
Produto # 291 - Contoso Home Theater System 2.1 Channel M1230 Brown;Subcategoria # 11 - Home Theater System
Produto # 575 - Contoso Projector 1080p X980 Black;Subcategoria # 19 - Projectors & Screens
Produto # 576 - Contoso Projector 1080p X981 Black;Subcategoria # 19 - Projectors & Screens
Produto # 577 - Contoso Projector 720p M620 Black;Subcategoria # 19 - Projectors & Screens
Produto # 578 - Contoso Projector 720p M621 Black;Subcategoria # 19 - Projectors & Screens
Produto # 579 - Contoso Projector 480p M480 Black;Subcategoria # 19 - Projectors & Screens
Produto # 580 - Contoso Projector 480p M481 Black;Subcategoria # 19 - Projectors & Screens
Produto # 581 - Contoso Screen 125in M250 Black;Subcategoria # 19 - Projectors & Screens
Produto # 582 - Contoso Screen 113in M251 Black;Subcategoria # 19 - Projectors & Screens
Produto # 583 - Contoso Screen 106in M060 Black;Subcategoria # 19 - Projectors & Screens
Produto # 584 - Contoso Screen 100in E010 Black;Subcategoria # 19 - Projectors & Screens
Produto # 585 - Contoso Screen 85in E085 Black;Subcategoria # 19 - Projectors & Screens
Produto # 586 - Contoso Screen 80in E080 Black;Subcategoria # 19 - Projectors & Screens
Produto # 587 - Contoso Projector 1080p X980 White;Subcategoria # 19 - Projectors & Screens
Produto # 589 - Contoso Projector 720p M620 White;Subcategoria # 19 - Projectors & Screens
Produto # 590 - Contoso Projector 720p M621 White;Subcategoria # 19 - Projectors & Screens
Produto # 591 - Contoso Projector 480p M480 White;Subcategoria # 19 - Projectors & Screens
Produto # 592 - Contoso Projector 480p M481 White;Subcategoria # 19 - Projectors & Screens
Produto # 593 - Contoso Screen 125in M250 White;Subcategoria # 19 - Projectors & Screens
Produto # 594 - Contoso Screen 113in M251 White;Subcategoria # 19 - Projectors & Screens
Produto # 595 - Contoso Screen 106in M060 White;Subcategoria # 19 - Projectors & Screens
Produto # 596 - Contoso Screen 100in E010 White;Subcategoria # 19 - Projectors & Screens
Produto # 597 - Contoso Screen 85in E085 White;Subcategoria # 19 - Projectors & Screens
Produto # 598 - Contoso Screen 80in E080 White;Subcategoria # 19 - Projectors & Screens
Produto # 599 - Contoso Projector 1080p X980 Silver;Subcategoria # 19 - Projectors & Screens
Produto # 601 - Contoso Projector 720p M620 Silver;Subcategoria # 19 - Projectors & Screens
Produto # 602 - Contoso Projector 720p M621 Silver;Subcategoria # 19 - Projectors & Screens
Produto # 603 - Contoso Projector 480p M480 Silver;Subcategoria # 19 - Projectors & Screens
Produto # 604 - Contoso Projector 480p M481 Silver;Subcategoria # 19 - Projectors & Screens
Produto # 605 - Contoso Screen 125in M250 Silver;Subcategoria # 19 - Projectors & Screens
Produto # 606 - Contoso Screen 113in M251 Silver;Subcategoria # 19 - Projectors & Screens
Produto # 607 - Contoso Screen 106in M060 Silver;Subcategoria # 19 - Projectors & Screens
Produto # 608 - Contoso Screen 100in E010 Silver;Subcategoria # 19 - Projectors & Screens
Produto # 609 - Contoso Screen 85in E085 Silver;Subcategoria # 19 - Projectors & Screens
Produto # 610 - Contoso Screen 80in E080 Silver;Subcategoria # 19 - Projectors & Screens
;
;
Marca:;Fabrikam
;
Produto # 338 - Fabrikam Laptop19W M9800 Black;Subcategoria # 15 - Laptops
Produto # 339 - Fabrikam Laptop17W M7080 Black;Subcategoria # 15 - Laptops
Produto # 340 - Fabrikam Laptop17 M7000 Black;Subcategoria # 15 - Laptops
Produto # 341 - Fabrikam Laptop16W M6080 Black;Subcategoria # 15 - Laptops
Produto # 342 - Fabrikam Laptop16 M6000 Black;Subcategoria # 15 - Laptops
Produto # 343 - Fabrikam Laptop19 M9000 Black;Subcategoria # 15 - Laptops
Produto # 344 - Fabrikam Laptop12 M2000 White;Subcategoria # 15 - Laptops
Produto # 345 - Fabrikam Laptop15 M5000 White;Subcategoria # 15 - Laptops
Produto # 346 - Fabrikam Laptop15.4 M5400 White;Subcategoria # 15 - Laptops
Produto # 347 - Fabrikam Laptop14.1 M4100 White;Subcategoria # 15 - Laptops
Produto # 348 - Fabrikam Laptop15.4W M5480 White;Subcategoria # 15 - Laptops
Produto # 349 - Fabrikam Laptop10.1 M0100 White;Subcategoria # 15 - Laptops
Produto # 350 - Fabrikam Laptop12W M2080 Silver;Subcategoria # 15 - Laptops
Produto # 351 - Fabrikam Laptop8.9W E0880 Silver;Subcategoria # 15 - Laptops
Produto # 352 - Fabrikam Laptop8.9 E0800 Silver;Subcategoria # 15 - Laptops
Produto # 353 - Fabrikam Laptop10.1 M0101 Silver;Subcategoria # 15 - Laptops
Produto # 354 - Fabrikam Laptop12 M2001 Silver;Subcategoria # 15 - Laptops
Produto # 355 - Fabrikam Laptop8.9 M0801 Silver;Subcategoria # 15 - Laptops
Produto # 356 - Fabrikam Laptop14.1W M4180 Red;Subcategoria # 15 - Laptops
Produto # 357 - Fabrikam Laptop14.1 E4101 Red;Subcategoria # 15 - Laptops
Produto # 358 - Fabrikam Laptop8.9 E8002 Red;Subcategoria # 15 - Laptops
Produto # 359 - Fabrikam Laptop12 M2002 Red;Subcategoria # 15 - Laptops
Produto # 360 - Fabrikam Laptop13.3 M3000 Red;Subcategoria # 15 - Laptops
Produto # 361 - Fabrikam Laptop13.3W M3080 Red;Subcategoria # 15 - Laptops
;
;
Marca:;Litware
;
Produto # 192 - Litware Home Theater System 4.1 Channel M410 Black;Subcategoria # 11 - Home Theater System
Produto # 193 - Litware Home Theater System 5.1 Channel M511 Black;Subcategoria # 11 - Home Theater System
Produto # 194 - Litware Home Theater System 2.1 Channel E210 Black;Subcategoria # 11 - Home Theater System
Produto # 195 - Litware Home Theater System 5.1 Channel M510 Black;Subcategoria # 11 - Home Theater System
Produto # 196 - Litware Home Theater System 2.1 Channel E211 Black;Subcategoria # 11 - Home Theater System
Produto # 197 - Litware Home Theater System 2.1 Channel E212 Black;Subcategoria # 11 - Home Theater System
Produto # 199 - Litware Home Theater System 4.1 Channel M412 Black;Subcategoria # 11 - Home Theater System
Produto # 200 - Litware Home Theater System 4.1 Channel M413 Black;Subcategoria # 11 - Home Theater System
Produto # 201 - Litware Home Theater System 5.1 Channel M512 Black;Subcategoria # 11 - Home Theater System
Produto # 202 - Litware Home Theater System 5.1 Channel M513 Black;Subcategoria # 11 - Home Theater System
Produto # 203 - Litware Home Theater System 7.1 Channel M710 Black;Subcategoria # 11 - Home Theater System
Produto # 205 - Litware Home Theater System 5.1 Channel M514 Black;Subcategoria # 11 - Home Theater System
Produto # 206 - Litware Home Theater System 5.1 Channel M515 Black;Subcategoria # 11 - Home Theater System
Produto # 207 - Litware Home Theater System 5.1 Channel M516 Black;Subcategoria # 11 - Home Theater System
Produto # 208 - Litware Home Theater System 4.1 Channel M410 Silver;Subcategoria # 11 - Home Theater System
Produto # 209 - Litware Home Theater System 5.1 Channel M511 Silver;Subcategoria # 11 - Home Theater System
Produto # 210 - Litware Home Theater System 2.1 Channel E210 Silver;Subcategoria # 11 - Home Theater System
Produto # 211 - Litware Home Theater System 5.1 Channel M510 Silver;Subcategoria # 11 - Home Theater System
Produto # 212 - Litware Home Theater System 2.1 Channel E211 Silver;Subcategoria # 11 - Home Theater System
Produto # 213 - Litware Home Theater System 2.1 Channel E212 Silver;Subcategoria # 11 - Home Theater System
Produto # 215 - Litware Home Theater System 4.1 Channel M412 Silver;Subcategoria # 11 - Home Theater System
Produto # 216 - Litware Home Theater System 4.1 Channel M413 Silver;Subcategoria # 11 - Home Theater System
Produto # 217 - Litware Home Theater System 5.1 Channel M512 Silver;Subcategoria # 11 - Home Theater System
Produto # 218 - Litware Home Theater System 5.1 Channel M513 Silver;Subcategoria # 11 - Home Theater System
Produto # 219 - Litware Home Theater System 7.1 Channel M710 Silver;Subcategoria # 11 - Home Theater System
Produto # 221 - Litware Home Theater System 5.1 Channel M514 Silver;Subcategoria # 11 - Home Theater System
Produto # 222 - Litware Home Theater System 5.1 Channel M515 Silver;Subcategoria # 11 - Home Theater System
Produto # 223 - Litware Home Theater System 5.1 Channel M516 Silver;Subcategoria # 11 - Home Theater System
Produto # 224 - Litware Home Theater System 4.1 Channel M410 Brown;Subcategoria # 11 - Home Theater System
Produto # 225 - Litware Home Theater System 5.1 Channel M511 Brown;Subcategoria # 11 - Home Theater System
Produto # 226 - Litware Home Theater System 2.1 Channel E210 Brown;Subcategoria # 11 - Home Theater System
Produto # 227 - Litware Home Theater System 5.1 Channel M510 Brown;Subcategoria # 11 - Home Theater System
Produto # 228 - Litware Home Theater System 2.1 Channel E211 Brown;Subcategoria # 11 - Home Theater System
Produto # 229 - Litware Home Theater System 2.1 Channel E212 Brown;Subcategoria # 11 - Home Theater System
Produto # 231 - Litware Home Theater System 4.1 Channel M412 Brown;Subcategoria # 11 - Home Theater System
Produto # 232 - Litware Home Theater System 4.1 Channel M413 Brown;Subcategoria # 11 - Home Theater System
Produto # 233 - Litware Home Theater System 5.1 Channel M512 Brown;Subcategoria # 11 - Home Theater System
Produto # 234 - Litware Home Theater System 5.1 Channel M513 Brown;Subcategoria # 11 - Home Theater System
Produto # 235 - Litware Home Theater System 7.1 Channel M710 Brown;Subcategoria # 11 - Home Theater System
Produto # 237 - Litware Home Theater System 5.1 Channel M514 Brown;Subcategoria # 11 - Home Theater System
Produto # 238 - Litware Home Theater System 5.1 Channel M515 Brown;Subcategoria # 11 - Home Theater System
Produto # 239 - Litware Home Theater System 5.1 Channel M516 Brown;Subcategoria # 11 - Home Theater System
;
;
Marca:;Northwind Traders
;
Produto # 66 - NT Bluetooth Stereo Headphones E52 Blue;Subcategoria # 6 - Bluetooth Headphones
Produto # 67 - NT Bluetooth Stereo Headphones E52 Black;Subcategoria # 6 - Bluetooth Headphones
Produto # 68 - NT Bluetooth Stereo Headphones E52 Yellow;Subcategoria # 6 - Bluetooth Headphones
Produto # 69 - NT Bluetooth Stereo Headphones E52 Pink;Subcategoria # 6 - Bluetooth Headphones
Produto # 70 - NT Wireless Bluetooth Stereo Headphones E102 Silver;Subcategoria # 6 - Bluetooth Headphones
Produto # 71 - NT Wireless Bluetooth Stereo Headphones E102 Black;Subcategoria # 6 - Bluetooth Headphones
Produto # 72 - NT Wireless Bluetooth Stereo Headphones E102 Blue;Subcategoria # 6 - Bluetooth Headphones
Produto # 73 - NT Wireless Bluetooth Stereo Headphones E102 White;Subcategoria # 6 - Bluetooth Headphones
Produto # 74 - NT Bluetooth Active Headphones E202 Black;Subcategoria # 6 - Bluetooth Headphones
Produto # 75 - NT Bluetooth Active Headphones E202 White;Subcategoria # 6 - Bluetooth Headphones
Produto # 76 - NT Bluetooth Active Headphones E202 Red;Subcategoria # 6 - Bluetooth Headphones
Produto # 77 - NT Bluetooth Active Headphones E202 Silver;Subcategoria # 6 - Bluetooth Headphones
Produto # 78 - NT Wireless Bluetooth Stereo Headphones E302 Silver;Subcategoria # 6 - Bluetooth Headphones
Produto # 79 - NT Wireless Bluetooth Stereo Headphones E302 White;Subcategoria # 6 - Bluetooth Headphones
Produto # 80 - NT Wireless Bluetooth Stereo Headphones E302 Yellow;Subcategoria # 6 - Bluetooth Headphones
Produto # 81 - NT Wireless Bluetooth Stereo Headphones E302 Black;Subcategoria # 6 - Bluetooth Headphones
Produto # 82 - NT Wireless Bluetooth Stereo Headphones E302 Pink;Subcategoria # 6 - Bluetooth Headphones
Produto # 83 - NT Wireless Bluetooth Stereo Headphones M402 Silver;Subcategoria # 6 - Bluetooth Headphones
Produto # 84 - NT Wireless Bluetooth Stereo Headphones M402 Red;Subcategoria # 6 - Bluetooth Headphones
Produto # 85 - NT Wireless Bluetooth Stereo Headphones M402 Green;Subcategoria # 6 - Bluetooth Headphones
Produto # 86 - NT Wireless Bluetooth Stereo Headphones M402 Black;Subcategoria # 6 - Bluetooth Headphones
Produto # 87 - NT Wireless Bluetooth Stereo Headphones M402 Purple;Subcategoria # 6 - Bluetooth Headphones
Produto # 88 - NT Wireless Transmitter and Bluetooth Headphones M150 Black;Subcategoria # 6 - Bluetooth Headphones
Produto # 89 - NT Wireless Transmitter and Bluetooth Headphones M150 Blue;Subcategoria # 6 - Bluetooth Headphones
Produto # 90 - NT Wireless Transmitter and Bluetooth Headphones M150 Silver;Subcategoria # 6 - Bluetooth Headphones
Produto # 91 - NT Wireless Transmitter and Bluetooth Headphones M150 Green;Subcategoria # 6 - Bluetooth Headphones
Produto # 92 - NT Wireless Transmitter and Bluetooth Headphones M150 Red;Subcategoria # 6 - Bluetooth Headphones
;
;
Marca:;Proseware
;
Produto # 404 - Proseware Laptop19 X910 Black;Subcategoria # 15 - Laptops
Produto # 405 - Proseware Laptop15 M510 Black;Subcategoria # 15 - Laptops
Produto # 406 - Proseware Laptop12 M210 Black;Subcategoria # 15 - Laptops
Produto # 407 - Proseware Laptop16 M610 Black;Subcategoria # 15 - Laptops
Produto # 408 - Proseware Laptop15.4W M518 Black;Subcategoria # 15 - Laptops
Produto # 409 - Proseware Laptop8.9 E089 Black;Subcategoria # 15 - Laptops
Produto # 410 - Proseware Laptop19W X910 White;Subcategoria # 15 - Laptops
Produto # 411 - Proseware Laptop15 M510 White;Subcategoria # 15 - Laptops
Produto # 412 - Proseware Laptop12 M210 White;Subcategoria # 15 - Laptops
Produto # 413 - Proseware Laptop16 M610 White;Subcategoria # 15 - Laptops
Produto # 414 - Proseware Laptop15.4W M518 White;Subcategoria # 15 - Laptops
Produto # 415 - Proseware Laptop8.9 E089 White;Subcategoria # 15 - Laptops
Produto # 462 - Proseware LCD24W X300 Black;Subcategoria # 18 - Monitors
Produto # 463 - Proseware LCD22 M2000 Black;Subcategoria # 18 - Monitors
Produto # 464 - Proseware LCD22W M2001 Black;Subcategoria # 18 - Monitors
Produto # 465 - Proseware LCD20 M200 Black;Subcategoria # 18 - Monitors
Produto # 466 - Proseware LCD20W M230 Black;Subcategoria # 18 - Monitors
Produto # 467 - Proseware LCD19 E1000 Black;Subcategoria # 18 - Monitors
Produto # 468 - Proseware LCD19W M100 Black;Subcategoria # 18 - Monitors
Produto # 469 - Proseware LCD17 E200 Black;Subcategoria # 18 - Monitors
Produto # 470 - Proseware LCD17W E202 Black;Subcategoria # 18 - Monitors
Produto # 471 - Proseware LCD15 E103 Black;Subcategoria # 18 - Monitors
Produto # 472 - Proseware CRT19 E201 Black;Subcategoria # 18 - Monitors
Produto # 473 - Proseware CRT17 E104 Black;Subcategoria # 18 - Monitors
Produto # 474 - Proseware CRT15 E10 Black;Subcategoria # 18 - Monitors
Produto # 476 - Proseware LCD24W X300 White;Subcategoria # 18 - Monitors
Produto # 477 - Proseware LCD22 M2000 White;Subcategoria # 18 - Monitors
Produto # 478 - Proseware LCD22W M2001 White;Subcategoria # 18 - Monitors
Produto # 479 - Proseware LCD20 M200 White;Subcategoria # 18 - Monitors
Produto # 480 - Proseware LCD20W M230 White;Subcategoria # 18 - Monitors
Produto # 481 - Proseware LCD19 E1000 White;Subcategoria # 18 - Monitors
Produto # 482 - Proseware LCD19W M100 White;Subcategoria # 18 - Monitors
Produto # 483 - Proseware LCD17 E200 White;Subcategoria # 18 - Monitors
Produto # 484 - Proseware LCD17W E202 White;Subcategoria # 18 - Monitors
Produto # 485 - Proseware LCD15 E103 White;Subcategoria # 18 - Monitors
Produto # 486 - Proseware CRT19 E201 White;Subcategoria # 18 - Monitors
Produto # 487 - Proseware CRT17 E104 White;Subcategoria # 18 - Monitors
Produto # 488 - Proseware CRT15 E10 White;Subcategoria # 18 - Monitors
Produto # 539 - Proseware Projector 1080p LCD86 Black;Subcategoria # 19 - Projectors & Screens
Produto # 540 - Proseware Projector 1080p DLP86 Black;Subcategoria # 19 - Projectors & Screens
Produto # 541 - Proseware Projector 720p LCD56 Black;Subcategoria # 19 - Projectors & Screens
Produto # 542 - Proseware Projector 720p DLP56 Black;Subcategoria # 19 - Projectors & Screens
Produto # 543 - Proseware Projector 480p LCD12 Black;Subcategoria # 19 - Projectors & Screens
Produto # 544 - Proseware Projector 480p DLP12 Black;Subcategoria # 19 - Projectors & Screens
Produto # 546 - Proseware Screen 113in X1609 Black;Subcategoria # 19 - Projectors & Screens
Produto # 547 - Proseware Screen 106in M1609 Black;Subcategoria # 19 - Projectors & Screens
Produto # 548 - Proseware Screen 100in M1609 Black;Subcategoria # 19 - Projectors & Screens
Produto # 549 - Proseware Screen 85in E1010 Black;Subcategoria # 19 - Projectors & Screens
Produto # 550 - Proseware Screen 80in E1010 Black;Subcategoria # 19 - Projectors & Screens
Produto # 551 - Proseware Projector 1080p LCD86 White;Subcategoria # 19 - Projectors & Screens
Produto # 552 - Proseware Projector 1080p DLP86 White;Subcategoria # 19 - Projectors & Screens
Produto # 553 - Proseware Projector 720p LCD56 White;Subcategoria # 19 - Projectors & Screens
Produto # 554 - Proseware Projector 720p DLP56 White;Subcategoria # 19 - Projectors & Screens
Produto # 555 - Proseware Projector 480p LCD12 White;Subcategoria # 19 - Projectors & Screens
Produto # 556 - Proseware Projector 480p DLP12 White;Subcategoria # 19 - Projectors & Screens
Produto # 558 - Proseware Screen 113in X1609 White;Subcategoria # 19 - Projectors & Screens
Produto # 559 - Proseware Screen 106in M1609 White;Subcategoria # 19 - Projectors & Screens
Produto # 560 - Proseware Screen 100in M1609 White;Subcategoria # 19 - Projectors & Screens
Produto # 561 - Proseware Screen 85in E1010 White;Subcategoria # 19 - Projectors & Screens
Produto # 562 - Proseware Screen 80in E1010 White;Subcategoria # 19 - Projectors & Screens
Produto # 563 - Proseware Projector 1080p LCD86 Silver;Subcategoria # 19 - Projectors & Screens
Produto # 564 - Proseware Projector 1080p DLP86 Silver;Subcategoria # 19 - Projectors & Screens
Produto # 565 - Proseware Projector 720p LCD56 Silver;Subcategoria # 19 - Projectors & Screens
Produto # 566 - Proseware Projector 720p DLP56 Silver;Subcategoria # 19 - Projectors & Screens
Produto # 567 - Proseware Projector 480p LCD12 Silver;Subcategoria # 19 - Projectors & Screens
Produto # 568 - Proseware Projector 480p DLP12 Silver;Subcategoria # 19 - Projectors & Screens
Produto # 570 - Proseware Screen 113in X1609 Silver;Subcategoria # 19 - Projectors & Screens
Produto # 571 - Proseware Screen 106in M1609 Silver;Subcategoria # 19 - Projectors & Screens
Produto # 572 - Proseware Screen 100in M1609 Silver;Subcategoria # 19 - Projectors & Screens
Produto # 573 - Proseware Screen 85in E1010 Silver;Subcategoria # 19 - Projectors & Screens
Produto # 574 - Proseware Screen 80in E1010 Silver;Subcategoria # 19 - Projectors & Screens
Produto # 642 - Proseware Photo Ink Jet Printer M100 Black;Subcategoria # 20 - Printers, Scanners & Fax
Produto # 643 - Proseware Ink Jet All in one M300 Black;Subcategoria # 20 - Printers, Scanners & Fax
Produto # 644 - Proseware Laser Jet Printer E100 Black;Subcategoria # 20 - Printers, Scanners & Fax
Produto # 645 - Proseware Laser Jet Color Printer X300 Black;Subcategoria # 20 - Printers, Scanners & Fax
Produto # 646 - Proseware Laser Jet All in one X300 Black;Subcategoria # 20 - Printers, Scanners & Fax
Produto # 647 - Proseware Fax phone E100 Black;Subcategoria # 20 - Printers, Scanners & Fax
Produto # 648 - Proseware Fax Machine E100 Black;Subcategoria # 20 - Printers, Scanners & Fax
Produto # 649 - Proseware Laser Fax Printer E100 Black;Subcategoria # 20 - Printers, Scanners & Fax
Produto # 650 - Proseware Ink Jet Fax Machine E100 Black;Subcategoria # 20 - Printers, Scanners & Fax
Produto # 651 - Proseware Mobile Receipt and Document Scanner M200 Black;Subcategoria # 20 - Printers, Scanners & Fax
Produto # 652 - Proseware Scan Jet Digital Flat Bed Scanner M300 Black;Subcategoria # 20 - Printers, Scanners & Fax
Produto # 653 - Proseware All-In-One Photo Printer M200 Black;Subcategoria # 20 - Printers, Scanners & Fax
Produto # 654 - Proseware Ink Jet Wireless All-In-One Printer M400 Black;Subcategoria # 20 - Printers, Scanners & Fax
Produto # 655 - Proseware Ink Jet Instant PDF Sheet-Fed Scanner M300 Black;Subcategoria # 20 - Printers, Scanners & Fax
Produto # 656 - Proseware Desk Jet All-in-One Printer, Scanner, Copier M350 Black;Subcategoria # 20 - Printers, Scanners & Fax
Produto # 657 - Proseware Duplex Scanner M200 Black;Subcategoria # 20 - Printers, Scanners & Fax
Produto # 658 - Proseware High Speed Laser M2000 Black;Subcategoria # 20 - Printers, Scanners & Fax
Produto # 659 - Proseware Laser Fax Printer M250 Black;Subcategoria # 20 - Printers, Scanners & Fax
Produto # 660 - Proseware Color Ink Jet Fax, Copier, Phone M250 Black;Subcategoria # 20 - Printers, Scanners & Fax
Produto # 661 - Proseware Color Inkjet Fax with 5.8 GHz Cordless Handset X250 Black;Subcategoria # 20 - Printers, Scanners & Fax
Produto # 662 - Proseware Slim-Design Fax Machine with Answering System X180 Black;Subcategoria # 20 - Printers, Scanners & Fax
Produto # 663 - Proseware High-Performance Business-Class Laser Fax X200 Black;Subcategoria # 20 - Printers, Scanners & Fax
Produto # 664 - Proseware Professional Quality Plain-Paper Fax and Copier X100 Black;Subcategoria # 20 - Printers, Scanners & Fax
Produto # 665 - Proseware Photo Inkjet Printer E290 Black;Subcategoria # 20 - Printers, Scanners & Fax
Produto # 666 - Proseware Office Jet All-in-One Printer M500 Black;Subcategoria # 20 - Printers, Scanners & Fax
Produto # 667 - Proseware Office Jet Wireless All-in-One Inkjet Printer M600 Black;Subcategoria # 20 - Printers, Scanners & Fax
Produto # 668 - Proseware Photo smart All-in-One Printer M380 Black;Subcategoria # 20 - Printers, Scanners & Fax
Produto # 669 - Proseware Wireless Photo All-in-One Printer M390 Black;Subcategoria # 20 - Printers, Scanners & Fax
Produto # 670 - Proseware 23ppm Laser Printer with Wireless and Wired Network Interfaces M680 Black;Subcategoria # 20 - Printers, Scanners & Fax
Produto # 671 - Proseware Photo Inkjet Printer M100 Grey;Subcategoria # 20 - Printers, Scanners & Fax
Produto # 672 - Proseware Ink Jet All in one M300 Grey;Subcategoria # 20 - Printers, Scanners & Fax
Produto # 673 - Proseware Laser Jet Printer E100 Grey;Subcategoria # 20 - Printers, Scanners & Fax
Produto # 674 - Proseware Laser Jet Color Printer X300 Grey;Subcategoria # 20 - Printers, Scanners & Fax
Produto # 675 - Proseware Laser Jet All in one X300 Grey;Subcategoria # 20 - Printers, Scanners & Fax
Produto # 676 - Proseware Fax phone E100 Grey;Subcategoria # 20 - Printers, Scanners & Fax
Produto # 677 - Proseware Fax Machine E100 Grey;Subcategoria # 20 - Printers, Scanners & Fax
Produto # 678 - Proseware Laser Fax Printer E100 Grey;Subcategoria # 20 - Printers, Scanners & Fax
Produto # 679 - Proseware Ink Jet Fax Machine E100 Grey;Subcategoria # 20 - Printers, Scanners & Fax
Produto # 680 - Proseware Mobile Receipt and Document Scanner M200 Grey;Subcategoria # 20 - Printers, Scanners & Fax
Produto # 681 - Proseware Scan Jet Digital Flat Bed Scanner M300 Grey;Subcategoria # 20 - Printers, Scanners & Fax
Produto # 682 - Proseware All-In-One Photo Printer M200 Grey;Subcategoria # 20 - Printers, Scanners & Fax
Produto # 683 - Proseware Ink Jet Wireless All-In-One Printer M400 Grey;Subcategoria # 20 - Printers, Scanners & Fax
Produto # 684 - Proseware Ink Jet Instant PDF Sheet-Fed Scanner M300 Grey;Subcategoria # 20 - Printers, Scanners & Fax
Produto # 685 - Proseware Desk Jet All-in-One Printer, Scanner, Copier M350 Grey;Subcategoria # 20 - Printers, Scanners & Fax
Produto # 686 - Proseware Duplex Scanner M200 Grey;Subcategoria # 20 - Printers, Scanners & Fax
Produto # 687 - Proseware High Speed Laser Fax M2000 Grey;Subcategoria # 20 - Printers, Scanners & Fax
Produto # 688 - Proseware Laser Fax Printer M250 Grey;Subcategoria # 20 - Printers, Scanners & Fax
Produto # 689 - Proseware Color Ink Jet Fax, Copier, Phone M250 Grey;Subcategoria # 20 - Printers, Scanners & Fax
Produto # 690 - Proseware Color Ink Jet Fax with 5.8 GHz Cordless Handset X250 Grey;Subcategoria # 20 - Printers, Scanners & Fax
Produto # 691 - Proseware Slim-Design Fax Machine with Answering System X180 Grey;Subcategoria # 20 - Printers, Scanners & Fax
Produto # 692 - Proseware High-Performance Business-Class Laser Fax X200 Grey;Subcategoria # 20 - Printers, Scanners & Fax
Produto # 693 - Proseware Professional Quality Plain-Paper Fax and Copier X100 Grey;Subcategoria # 20 - Printers, Scanners & Fax
Produto # 694 - Proseware Photo Ink Jet Printer E290 Grey;Subcategoria # 20 - Printers, Scanners & Fax
Produto # 695 - Proseware Office Jet All-in-One Printer M500 Grey;Subcategoria # 20 - Printers, Scanners & Fax
Produto # 696 - Proseware Office Jet Wireless All-in-One Inkjet Printer M600 Grey;Subcategoria # 20 - Printers, Scanners & Fax
Produto # 697 - Proseware Photo Smart All-in-One Printer M380 Grey;Subcategoria # 20 - Printers, Scanners & Fax
Produto # 698 - Proseware Wireless Photo All-in-One Printer M390 Grey;Subcategoria # 20 - Printers, Scanners & Fax
Produto # 699 - Proseware 23ppm Laser Printer with Wireless and Wired Network Interfaces M680 Grey;Subcategoria # 20 - Printers, Scanners & Fax
;
;
Marca:;Southridge Video
;
Produto # 167 - SV 8xDVD E100 Black;Subcategoria # 10 - VCD & DVD
Produto # 168 - SV 16xDVD M310 Black;Subcategoria # 10 - VCD & DVD
Produto # 169 - SV 16xDVD M320 Black;Subcategoria # 10 - VCD & DVD
Produto # 170 - SV 16xDVD M330 Black;Subcategoria # 10 - VCD & DVD
Produto # 171 - SV 16xDVD E340 Black;Subcategoria # 10 - VCD & DVD
Produto # 172 - SV 22xDVD X680 Black;Subcategoria # 10 - VCD & DVD
Produto # 173 - SV 8xDVD E120 Black;Subcategoria # 10 - VCD & DVD
Produto # 174 - SV 22xDVD M600 Black;Subcategoria # 10 - VCD & DVD
Produto # 176 - SV 16xDVD M360 Black;Subcategoria # 10 - VCD & DVD
Produto # 177 - SV 8xDVD E130 Black;Subcategoria # 10 - VCD & DVD
Produto # 178 - SV 8xDVD E140 Black;Subcategoria # 10 - VCD & DVD
Produto # 180 - SV 8xDVD E100 Silver;Subcategoria # 10 - VCD & DVD
Produto # 181 - SV 16xDVD M310 Silver;Subcategoria # 10 - VCD & DVD
Produto # 182 - SV 16xDVD M320 Silver;Subcategoria # 10 - VCD & DVD
Produto # 183 - SV 16xDVD M330 Silver;Subcategoria # 10 - VCD & DVD
Produto # 184 - SV 16xDVD E340 Silver;Subcategoria # 10 - VCD & DVD
Produto # 185 - SV 22xDVD X680 Silver;Subcategoria # 10 - VCD & DVD
Produto # 186 - SV 8xDVD E120 Silver;Subcategoria # 10 - VCD & DVD
Produto # 187 - SV 22xDVD M600 Silver;Subcategoria # 10 - VCD & DVD
Produto # 189 - SV 16xDVD M360 Silver;Subcategoria # 10 - VCD & DVD
Produto # 190 - SV 8xDVD E130 Silver;Subcategoria # 10 - VCD & DVD
Produto # 191 - SV 8xDVD E140 Silver;Subcategoria # 10 - VCD & DVD
Produto # 292 - SV Car Video LCD7W M7080 Black;Subcategoria # 13 - Car Video
Produto # 293 - SV Car Video LCD7W M7081 Black;Subcategoria # 13 - Car Video
Produto # 294 - SV Car Video TFT7 M7000 Black;Subcategoria # 13 - Car Video
Produto # 295 - SV Car Video TFT6.2W E6280 Black;Subcategoria # 13 - Car Video
Produto # 296 - SV Car Video TFT6.2W E6281 Black;Subcategoria # 13 - Car Video
Produto # 297 - SV Car Video TFT6.2W E6282 Black;Subcategoria # 13 - Car Video
Produto # 298 - SV Car Video TFT7 M7001 Black;Subcategoria # 13 - Car Video
Produto # 299 - SV Car Video AM/FM E1000 Black;Subcategoria # 13 - Car Video
Produto # 300 - SV Car Video AM/FM E1001 Black;Subcategoria # 13 - Car Video
Produto # 301 - SV Car Video TFT7 M7002 Black;Subcategoria # 13 - Car Video
Produto # 303 - SV Car Video LCD9.2W X9281 Black;Subcategoria # 13 - Car Video
Produto # 304 - SV Car Video LCD7W M7082 Black;Subcategoria # 13 - Car Video
Produto # 305 - SV Car Video LCD7 M7001 Black;Subcategoria # 13 - Car Video
Produto # 306 - SV Car Video LCD7 M7002 Black;Subcategoria # 13 - Car Video
Produto # 307 - SV Car Video LCD7 M7003 Black;Subcategoria # 13 - Car Video
Produto # 308 - SV Car Video LCD7W M7080 Silver;Subcategoria # 13 - Car Video
Produto # 309 - SV Car Video LCD7W M7081 Silver;Subcategoria # 13 - Car Video
Produto # 310 - SV Car Video TFT7 M7000 Silver;Subcategoria # 13 - Car Video
Produto # 311 - SV Car Video TFT6.2W E6280 Silver;Subcategoria # 13 - Car Video
Produto # 312 - SV Car Video TFT6.2W E6281 Silver;Subcategoria # 13 - Car Video
Produto # 313 - SV Car Video TFT6.2W E6282 Silver;Subcategoria # 13 - Car Video
Produto # 314 - SV Car Video TFT7 M7001 Silver;Subcategoria # 13 - Car Video
Produto # 315 - SV Car Video AM/FM E1000 Silver;Subcategoria # 13 - Car Video
Produto # 316 - SV Car Video AM/FM E1001 Silver;Subcategoria # 13 - Car Video
Produto # 317 - SV Car Video TFT7 M7002 Silver;Subcategoria # 13 - Car Video
Produto # 319 - SV Car Video LCD9.2W X9281 Silver;Subcategoria # 13 - Car Video
Produto # 320 - SV Car Video LCD7W M7082 Silver;Subcategoria # 13 - Car Video
Produto # 321 - SV Car Video LCD7 M7001 Silver;Subcategoria # 13 - Car Video
Produto # 322 - SV Car Video LCD7 M7002 Silver;Subcategoria # 13 - Car Video
Produto # 323 - SV Car Video LCD7 M7003 Silver;Subcategoria # 13 - Car Video
Produto # 324 - SV Car Video LCD7W M7080 Brown;Subcategoria # 13 - Car Video
Produto # 325 - SV Car Video LCD7W M7081 Brown;Subcategoria # 13 - Car Video
Produto # 326 - SV Car Video TFT7 M7000 Brown;Subcategoria # 13 - Car Video
Produto # 327 - SV Car Video TFT6.2W E6280 Brown;Subcategoria # 13 - Car Video
Produto # 328 - SV Car Video TFT6.2W E6281 Brown;Subcategoria # 13 - Car Video
Produto # 329 - SV Car Video TFT6.2W E6282 Brown;Subcategoria # 13 - Car Video
Produto # 330 - SV Car Video TFT7 M7001 Brown;Subcategoria # 13 - Car Video
Produto # 331 - SV Car Video AM/FM E1000 Brown;Subcategoria # 13 - Car Video
Produto # 332 - SV Car Video AM/FM E1001 Brown;Subcategoria # 13 - Car Video
Produto # 333 - SV Car Video TFT7 M7002 Brown;Subcategoria # 13 - Car Video
Produto # 335 - SV Car Video LCD9.2W X9281 Brown;Subcategoria # 13 - Car Video
Produto # 336 - SV Car Video LCD7W M7082 Brown;Subcategoria # 13 - Car Video
Produto # 337 - SV Car Video LCD7 M7001 Brown;Subcategoria # 13 - Car Video
;
;
Marca:;Wide World Importers
;
Produto # 46 - WWI 1GB Pulse Smart pen E50 White;Subcategoria # 4 - Recording Pen
Produto # 47 - WWI 1GBPulse Smart pen E50 Black;Subcategoria # 4 - Recording Pen
Produto # 48 - WWI 1GB Pulse Smart pen E50 Silver;Subcategoria # 4 - Recording Pen
Produto # 49 - WWI 2GB Pulse Smart pen M100 White;Subcategoria # 4 - Recording Pen
Produto # 50 - WWI 2GB Pulse Smart pen M100 Black;Subcategoria # 4 - Recording Pen
Produto # 51 - WWI 2GB Pulse Smart pen M100 Blue;Subcategoria # 4 - Recording Pen
Produto # 52 - WWI 2GB Pulse Smart pen M100 Silver;Subcategoria # 4 - Recording Pen
Produto # 53 - WWI 4GB Video Recording Pen X200 Black;Subcategoria # 4 - Recording Pen
Produto # 54 - WWI 4GB Video Recording Pen X200 Red;Subcategoria # 4 - Recording Pen
Produto # 55 - WWI 4GB Video Recording Pen X200 Pink;Subcategoria # 4 - Recording Pen
Produto # 56 - WWI 4GB Video Recording Pen X200 Yellow;Subcategoria # 4 - Recording Pen
Produto # 57 - WWI 1GB Digital Voice Recorder Pen E100 Black;Subcategoria # 4 - Recording Pen
Produto # 58 - WWI 1GB Digital Voice Recorder Pen E100 Red;Subcategoria # 4 - Recording Pen
Produto # 59 - WWI 1GB Digital Voice Recorder Pen E100 Pink;Subcategoria # 4 - Recording Pen
Produto # 60 - WWI 1GB Digital Voice Recorder Pen E100 White;Subcategoria # 4 - Recording Pen
Produto # 61 - WWI 2GB Spy Video Recorder Pen M300 Black;Subcategoria # 4 - Recording Pen
Produto # 62 - WWI 2GB Spy Video Recorder Pen M300 White;Subcategoria # 4 - Recording Pen
Produto # 63 - WWI 2GB Spy Video Recorder Pen M300 Blue;Subcategoria # 4 - Recording Pen
Produto # 64 - WWI 2GB Spy Video Recorder Pen M300 Silver;Subcategoria # 4 - Recording Pen
Produto # 65 - WWI 2GB Spy Video Recorder Pen M300 Purple;Subcategoria # 4 - Recording Pen
Produto # 93 - WWI Stereo Bluetooth Headphones E1000 Blue;Subcategoria # 6 - Bluetooth Headphones
Produto # 94 - WWI Stereo Bluetooth Headphones E1000 Black;Subcategoria # 6 - Bluetooth Headphones
Produto # 95 - WWI Stereo Bluetooth Headphones E1000 Silver;Subcategoria # 6 - Bluetooth Headphones
Produto # 96 - WWI Stereo Bluetooth Headphones E1000 White;Subcategoria # 6 - Bluetooth Headphones
Produto # 97 - WWI Stereo Bluetooth Headphones E1000 Green;Subcategoria # 6 - Bluetooth Headphones
Produto # 98 - WWI Wireless Bluetooth Stereo Headphones M170 Silver;Subcategoria # 6 - Bluetooth Headphones
Produto # 99 - WWI Wireless Bluetooth Stereo Headphones M170 Black;Subcategoria # 6 - Bluetooth Headphones
Produto # 100 - WWI Wireless Bluetooth Stereo Headphones M170 White;Subcategoria # 6 - Bluetooth Headphones
Produto # 101 - WWI Wireless Bluetooth Stereo Headphones M170 Pink;Subcategoria # 6 - Bluetooth Headphones
Produto # 102 - WWI Wireless Bluetooth Stereo Headphones M270 Silver;Subcategoria # 6 - Bluetooth Headphones
Produto # 103 - WWI Wireless Bluetooth Stereo Headphones M270 Black;Subcategoria # 6 - Bluetooth Headphones
Produto # 104 - WWI Wireless Bluetooth Stereo Headphones M270 White;Subcategoria # 6 - Bluetooth Headphones
Produto # 105 - WWI Wireless Bluetooth Stereo Headphones M270 Pink;Subcategoria # 6 - Bluetooth Headphones
Produto # 111 - WWI Wireless Transmitter and Bluetooth Headphones X250 Black;Subcategoria # 6 - Bluetooth Headphones
Produto # 112 - WWI Wireless Transmitter and Bluetooth Headphones X250 Blue;Subcategoria # 6 - Bluetooth Headphones
Produto # 113 - WWI Wireless Transmitter and Bluetooth Headphones X250 White;Subcategoria # 6 - Bluetooth Headphones
Produto # 114 - WWI Wireless Transmitter and Bluetooth Headphones X250 Red;Subcategoria # 6 - Bluetooth Headphones
Produto # 115 - WWI Wireless Transmitter and Bluetooth Headphones X250 Silver;Subcategoria # 6 - Bluetooth Headphones
Produto # 390 - WWI Laptop19W X0196 Black;Subcategoria # 15 - Laptops
Produto # 391 - WWI Laptop15 M0150 Black;Subcategoria # 15 - Laptops
Produto # 392 - WWI Laptop12 M0120 Black;Subcategoria # 15 - Laptops
Produto # 393 - WWI Laptop16 M0160 Black;Subcategoria # 15 - Laptops
Produto # 394 - WWI Laptop15.4W M0156 Black;Subcategoria # 15 - Laptops
Produto # 395 - WWI Laptop8.9 E0089 Black;Subcategoria # 15 - Laptops
Produto # 396 - WWI Laptop19W X0196 White;Subcategoria # 15 - Laptops
Produto # 397 - WWI Laptop15 M0150 White;Subcategoria # 15 - Laptops
Produto # 398 - WWI Laptop12 M0120 White;Subcategoria # 15 - Laptops
Produto # 399 - WWI Laptop16 M0160 White;Subcategoria # 15 - Laptops
Produto # 400 - WWI Laptop15.4W M0156 White;Subcategoria # 15 - Laptops
Produto # 401 - WWI Laptop8.9 E0089 White;Subcategoria # 15 - Laptops
Produto # 402 - WWI Laptop19W X0196 Blue;Subcategoria # 15 - Laptops
Produto # 403 - WWI Laptop15 M0150 Blue;Subcategoria # 15 - Laptops
Produto # 438 - WWI Desktop PC2.33 X2330 Silver;Subcategoria # 17 - Desktops
Produto # 439 - WWI Desktop PC2.30 M2300 Brown;Subcategoria # 17 - Desktops
Produto # 440 - WWI Desktop PC1.60 E1600 Silver;Subcategoria # 17 - Desktops
Produto # 441 - WWI Desktop PC1.80 E1800 Brown;Subcategoria # 17 - Desktops
Produto # 442 - WWI Desktop PC1.80 E1801 Silver;Subcategoria # 17 - Desktops
Produto # 443 - WWI Desktop PC3.0 M0300 Silver;Subcategoria # 17 - Desktops
Produto # 445 - WWI Desktop PC2.30 M2300 Black;Subcategoria # 17 - Desktops
Produto # 446 - WWI Desktop PC1.60 E1600 Black;Subcategoria # 17 - Desktops
Produto # 447 - WWI Desktop PC1.80 E1800 Black;Subcategoria # 17 - Desktops
Produto # 448 - WWI Desktop PC1.80 E1801 Black;Subcategoria # 17 - Desktops
Produto # 449 - WWI Desktop PC3.0 M0300 Black;Subcategoria # 17 - Desktops
Produto # 450 - WWI Desktop PC2.33 X2330 Brown;Subcategoria # 17 - Desktops
Produto # 451 - WWI Desktop PC2.30 M2300 Silver;Subcategoria # 17 - Desktops
Produto # 452 - WWI Desktop PC1.60 E1600 Red;Subcategoria # 17 - Desktops
Produto # 453 - WWI Desktop PC1.80 E1800 Silver;Subcategoria # 17 - Desktops
Produto # 454 - WWI Desktop PC1.80 E1801 Brown;Subcategoria # 17 - Desktops
Produto # 455 - WWI Desktop PC2.33 X2330 White;Subcategoria # 17 - Desktops
Produto # 456 - WWI Desktop PC2.30 M2300 White;Subcategoria # 17 - Desktops
Produto # 457 - WWI Desktop PC1.60 E1600 White;Subcategoria # 17 - Desktops
Produto # 458 - WWI Desktop PC1.80 E1800 White;Subcategoria # 17 - Desktops
Produto # 459 - WWI Desktop PC1.80 E1801 White;Subcategoria # 17 - Desktops
Produto # 460 - WWI Desktop PC1.80 E1802 White;Subcategoria # 17 - Desktops
Produto # 517 - WWI LCD24 X300 Black;Subcategoria # 18 - Monitors
Produto # 518 - WWI LCD24W X300 Black;Subcategoria # 18 - Monitors
Produto # 519 - WWI LCD22 M2002 Black;Subcategoria # 18 - Monitors
Produto # 520 - WWI LCD22W M2003 Black;Subcategoria # 18 - Monitors
Produto # 521 - WWI LCD20 M220 Black;Subcategoria # 18 - Monitors
Produto # 522 - WWI LCD20W M250 Black;Subcategoria # 18 - Monitors
Produto # 523 - WWI LCD19 E107 Black;Subcategoria # 18 - Monitors
Produto # 524 - WWI LCD19W M100 Black;Subcategoria # 18 - Monitors
Produto # 525 - WWI LCD17 E200 Black;Subcategoria # 18 - Monitors
Produto # 526 - WWI LCD17W E200 Black;Subcategoria # 18 - Monitors
Produto # 527 - WWI CRT17 E106 Black;Subcategoria # 18 - Monitors
Produto # 528 - WWI LCD24 X300 White;Subcategoria # 18 - Monitors
Produto # 529 - WWI LCD24W X300 White;Subcategoria # 18 - Monitors
Produto # 530 - WWI LCD22 M2002 White;Subcategoria # 18 - Monitors
Produto # 531 - WWI LCD22W M2003 White;Subcategoria # 18 - Monitors
Produto # 532 - WWI LCD20 M220 White;Subcategoria # 18 - Monitors
Produto # 533 - WWI LCD20W M250 White;Subcategoria # 18 - Monitors
Produto # 534 - WWI LCD19 E107 White;Subcategoria # 18 - Monitors
Produto # 535 - WWI LCD19W M100 White;Subcategoria # 18 - Monitors
Produto # 536 - WWI LCD17 E205 White;Subcategoria # 18 - Monitors
Produto # 537 - WWI LCD17W E200 White;Subcategoria # 18 - Monitors
Produto # 538 - WWI CRT17 E106 White;Subcategoria # 18 - Monitors
Produto # 611 - WWI Projector 1080p LCD86 Black;Subcategoria # 19 - Projectors & Screens
Produto # 612 - WWI Projector 1080p DLP86 Black;Subcategoria # 19 - Projectors & Screens
Produto # 613 - WWI Projector 720p LCD56 Black;Subcategoria # 19 - Projectors & Screens
Produto # 614 - WWI Projector 720p DLP56 Black;Subcategoria # 19 - Projectors & Screens
Produto # 615 - WWI Projector 480p LCD12 Black;Subcategoria # 19 - Projectors & Screens
Produto # 616 - WWI Projector 480p DLP12 Black;Subcategoria # 19 - Projectors & Screens
Produto # 618 - WWI Screen 113in M1610 Black;Subcategoria # 19 - Projectors & Screens
Produto # 619 - WWI Screen 106in M1609 Black;Subcategoria # 19 - Projectors & Screens
Produto # 620 - WWI Screen 100in M1609 Black;Subcategoria # 19 - Projectors & Screens
Produto # 621 - WWI Screen 85in E1010 Black;Subcategoria # 19 - Projectors & Screens
Produto # 622 - WWI Projector 1080p LCD86 White;Subcategoria # 19 - Projectors & Screens
Produto # 623 - WWI Projector 1080p DLP86 White;Subcategoria # 19 - Projectors & Screens
Produto # 624 - WWI Projector 720p LCD56 White;Subcategoria # 19 - Projectors & Screens
Produto # 625 - WWI Projector 720p DLP56 White;Subcategoria # 19 - Projectors & Screens
Produto # 626 - WWI Projector 480p LCD12 White;Subcategoria # 19 - Projectors & Screens
Produto # 627 - WWI Projector 480p DLP12 White;Subcategoria # 19 - Projectors & Screens
Produto # 629 - WWI Screen 113in M1610 White;Subcategoria # 19 - Projectors & Screens
Produto # 630 - WWI Screen 106in M1609 White;Subcategoria # 19 - Projectors & Screens
Produto # 631 - WWI Screen 100in M1609 White;Subcategoria # 19 - Projectors & Screens
Produto # 632 - WWI Screen 85in E1010 White;Subcategoria # 19 - Projectors & Screens
Produto # 633 - WWI Projector 1080p LCD86 Silver;Subcategoria # 19 - Projectors & Screens
Produto # 634 - WWI Projector 1080p DLP86 Silver;Subcategoria # 19 - Projectors & Screens
Produto # 635 - WWI Projector 720p LCD56 Silver;Subcategoria # 19 - Projectors & Screens
Produto # 636 - WWI Projector 720p DLP56 Silver;Subcategoria # 19 - Projectors & Screens
Produto # 637 - WWI Projector 480p LCD12 Silver;Subcategoria # 19 - Projectors & Screens
Produto # 638 - WWI Projector 480p DLP12 Silver;Subcategoria # 19 - Projectors & Screens
Produto # 640 - WWI Screen 113in M1610 Silver;Subcategoria # 19 - Projectors & Screens
Produto # 641 - WWI Screen 106in M1609 Silver;Subcategoria # 19 - Projectors & Screens
